<?xml version="1.0" encoding="UTF-8"?>
<lint>
    <issue id="ContentDescription" severity="ignore">
        <ignore path="res/layout/activity_tool.xml" />
        <ignore path="res/layout/item_main_function.xml" />
    </issue>
    <issue id="HardcodedText" severity="ignore">
        <ignore path="res/layout/activity_setting.xml" />
        <ignore path="res/layout/item_main_function.xml" />
        <ignore path="res/layout/view_it.xml" />
        <ignore path="res/layout/view_setting.xml" />
        <ignore path="res/layout/view_tool.xml" />
    </issue>
    <issue id="SimpleDateFormat" severity="ignore" />
    <issue id="UseCompoundDrawables">
        <ignore path="res/layout/item_main_function.xml" />
        <ignore path="res/layout/view_it.xml" />
        <ignore path="res/layout/view_tool.xml" />
    </issue>
</lint>